key,description
Emotional,"Your decisions land at the bottom of an emotional wave, not the top. The wave runs through you when something asks for a decision: excitement, doubt, hope, hesitation, all in sequence. A fast yes given before the wave crests is not yet your truth, and you will later have to undo what you committed to. Sleep on it. Sleep on it again. Honouring this is how you stay in your design instead of in your mind."
Sacral,"Your authority is the gut sound that arrives before words form. The uh-huh, the uh-uh. Your body answers before your mind has time to negotiate, and the answer is the truth. Practising this is small at first: ask yourself yes/no questions out loud and notice what your body does in response. The mind will try to override the gut. The gut is right."
Splenic,"Your spleen sends a soft, quiet signal at the moment a choice arrives. It is instant, only-once, and it does not repeat. Miss it and the moment passes. Splenic authority asks you to slow down enough to hear the whisper, and to trust it without explanation. The mind cannot reverse-engineer a splenic hit; you either felt it, or you didn't."
Ego Manifested,"Your willpower is your authority. If your heart genuinely wants the thing, you have what's needed to do it. If your heart doesn't want it, no amount of reasoning will make the energy show up. The question to ask is: do I actually want this? Not should I, not would it be good for me, not is it the right move. Do I want it. The wanting is the truth."
Ego Projected,"Your truth runs through what you say, in the moment of saying it. Listen to your own voice; that is how you find out what you mean. Your authority needs an audience (a friend, a journal, a voice memo), because the speaking is the deciding. Sitting alone in silence with the question keeps you in the mind."
Self-Projected,"Your truth lives in the throat after passing through the G centre. Your identity speaks itself out loud when you have someone to speak to. Talk it through with someone who only listens, no advice, no opinions. Hearing yourself is how you find out what your design wants you to do."
Mental Projected,"Talk the decision through, out loud, with people who know you and whose presence resonates with your design. Speaking it makes it clear. Sitting alone with it does not. Your authority is collective in nature, but it isn't a vote; the others are sounding boards, not deciders. You are still the one who knows."
Lunar,"28 days. No major decision is made without a full lunar cycle of moving through the question. The cycle itself is your authority. Talk it through with multiple people across the 28 days, in different locations if you can. By the end of the cycle, you will know. Skipping this is how Reflectors end up disappointed in commitments their environment talked them into."
None,"Your design carries no fixed inner authority. This is rare and asks for a different relationship with decisions, often through the cycles of your environment or the people around you. The Journey Narrative goes into this in detail."
